Channel Name,Subscribers,Total Views,Avg Likes (Last 10 Videos),Avg Comments (Last 10 Videos),Engagement Rate (%),Rank
AlakhSir-Class9.10,1930000,322812911,78331,3913,4.261,1
pwmeded,306000,35043716,1785,7,0.586,2
PW-Foundation,6210000,2066288234,14951,892,0.255,3
PW-JEEWallah,3090000,1634933544,7209,148,0.238,4
PW-NEETWallah,4470000,2123511076,9456,316,0.219,5
PWLittleChamps,1110000,175805437,1697,646,0.211,6
vidyapeethpw,1000000,745458273,689,8,0.07,7
englishpw,680000,60770046,26,1,0.004,8
PhysicsWallah,14000000,3065605012,362,0,0.003,9
